{
  "$schema": "http://json-schema.org/schema#",
  "$id": "WeatherForecast",
  "title": "GSMA / FIWARE - Weather Forecast schema",
  "description": "A harmonised description of a Weather Forecast",
  "definitions": {
    "WeatherAlertCategories": {
      "enum": [
        "rainfall",
        "highTemperature",
        "lowTemperature",
        "heatWave",
        "coldWave",
        "ice",
        "snow",
        "wind",
        "fog",
        "flood",
        "tsunami",
        "tornado",
        "tropicalCyclone",
        "hurricane",
        "snow/ice",
        "thunderstorms",
        "coastalEvent",
        "forestFire",
        "avalanches",
        "rain/flood"
      ]
    },
    "Weather-AirConditions": {
      "type": "object",
      "properties": {
        "temperature": {
          "type": ["number", "null"]
        },
        "feelLikesTemperature": {
          "type": ["number", "null"]
        },
        "relativeHumidity": {
          "type": ["number", "null"],
          "minimum": 0,
          "maximum": 1
        }
      }
    },
    "Weather-Commons": {
      "type": "object",
      "properties": {
        "temperature": {
          "type": ["number", "null"]
        },
        "feelLikesTemperature": {
          "type": ["number", "null"]
        },
        "relativeHumidity": {
          "type": ["number", "null"],
          "minimum": 0,
          "maximum": 1
        },
        "weatherType": {
          "type": "string"
        },
        "visibility": {
          "type": "string",
          "enum": [
            "veryPoor",
            "poor",
            "moderate",
            "good",
            "veryGood",
            "excellent"
          ]
        },
        "windDirection": {
          "type": ["integer", "null"],
          "minimum": 0,
          "maximum": 360
        },
        "windSpeed": {
          "type": ["number", "null"],
          "minimum": 0
        },
        "refPointOfInterest": {
          "type": "string"
        }
      }
    }
  },
  "type": "object",
  "properties": {
    "location": {
      "type": "string",
      "description": "Location"
    },
    "alert": {
      "allOf": [{
        "$ref": "#/definitions/WeatherAlertCategories"
      }]
    },
    "date": {
      "type": "string",
      "format": "date-time"
    },
    "current": {
      "type": "object",
      "$ref": "#/definitions/Weather-Commons"
    },
    "dayMaximum": {
      "type": "object",
      "$ref": "#/definitions/Weather-AirConditions"
    },
    "dayMinimum": {
      "type": "object",
      "$ref": "#/definitions/Weather-AirConditions"
    }
  }
}